科类,院系,专业,最高分,最低分,平均分,省份,年份
文科,传播与设计学院,新闻传播学类,634,629,632,北京,2017
文科,法学院,法学,639,639,639,北京,2017
文科,国际翻译学院,外国语言文学类,,,,北京,2017
文科,国际关系学院,国际政治,633,626,630,北京,2017
文科,岭南学院,经济学类,633,633,633,北京,2017
文科,政治与公共事务管理学院,公共管理类,631,628,630,北京,2017
文科,中国语言文学系（广州）,汉语言文学,,,,北京,2017
文科,中国语言文学系（珠海）,汉语言文学,639,624,628,北京,2017
文科,资讯管理学院,图书情报与档案管理类,628,624,627,北京,2017
理科,工学院,能源与动力工程,,,,北京,2017
理科,公共卫生学院（广州）,预防医学,,,,北京,2017
理科,电子与通信工程学院,电子信息类,634,633,634,北京,2017
理科,管理学院,工商管理类,,,,北京,2017
理科,管理学院,工商管理,645,629,636,北京,2017
理科,光华口腔医学院,口腔医学,632,606,619,北京,2017
理科,化学学院,化学类,,,,北京,2017
理科,化学工程与技术学院,化学工程与工艺,631,613,623,北京,2017
理科,岭南学院,经济学类,644,634,640,北京,2017
理科,生命科学学院,生物科学类,639,639,639,北京,2017
理科,数据科学与计算机学院,计算机类,639,636,637,北京,2017
理科,数据科学与计算机学院（软件学院）,软件工程,639,628,631,北京,2017
理科,数学学院（广州）,数学类,,,,北京,2017
理科,数学学院（珠海）,数学类,646,637,641,北京,2017
理科,物理学院（广州）,物理学,637,635,636,北京,2017
理科,药学院（广州）,药学,634,624,629,北京,2017
理科,中法核工程与技术学院,核工程类（中外合作办学）（核工程与核技术专业）,635,620,625,北京,2017
理科,中山医学院,临床医学,640,628,635,北京,2017
理科,中山医学院,临床医学（八年制）,652,630,637,北京,2017
综合改革,传播与设计学院,新闻传播学类,550,548,549,上海,2017
综合改革,电子与通信工程学院,电子信息类,563,549,554,上海,2017
综合改革,法学院,法学,550,549,549,上海,2017
综合改革,公共卫生学院(广州）,预防医学,552,549,550,上海,2017
综合改革,光华口腔医学院,口腔医学,556,555,556,上海,2017
综合改革,国际翻译学院,外国语言文学类,553,553,553,上海,2017
综合改革,国际金融学院,工商管理类,549,548,549,上海,2017
综合改革,岭南学院,经济学类,559,555,557,上海,2017
综合改革,社会学与人类学学院,社会学,548,548,548,上海,2017
综合改革,生命科学学院,生物科学类,549,549,549,上海,2017
综合改革,数据科学与计算机学院,保密管理,547,547,547,上海,2017
综合改革,数学学院（珠海）,数学类,554,551,553,上海,2017
综合改革,心理学系,心理学,550,548,549,上海,2017
综合改革,药学院（深圳）,药学,552,549,550,上海,2017
综合改革,中法核工程与技术学院,核工程类（中法合作办学）（核工程与核技术专业）,552,548,550,上海,2017
综合改革,中山医学院,临床医学,555,554,555,上海,2017
综合改革,中山医学院,临床医学（八年制）,558,557,558,上海,2017
文科,传播与设计学院,新闻传播学类,602,602,602,天津,2017
文科,法学院,法学,612,609,611,天津,2017
文科,国际翻译学院,外国语言文学类,602,600,601,天津,2017
文科,岭南学院,经济学类,622,616,619,天津,2017
文科,社会学与人类学学院,人类学,609,602,606,天津,2017
文科,外国语学院,法语,605,605,605,天津,2017
文科,外国语学院,英语,606,606,606,天津,2017
文科,中国语言文学系（珠海）,汉语言文学,,,,天津,2017
文科,中国语言文学系（广州）,汉语言文学,602,601,602,天津,2017
理科,电子与信息工程学院,电子信息类,,,,天津,2017
理科,电子与通信工程学院,电子信息类,636,630,632,天津,2017
理科,公共卫生学院（广州）,预防医学,,,,天津,2017
理科,公共卫生学院（深圳）,预防医学,629,625,627,天津,2017
理科,管理学院,工商管理类,,,,天津,2017
理科,管理学院,会计学,651,646,649,天津,2017
理科,光华口腔医学院,口腔医学,655,646,651,天津,2017
理科,国际翻译学院,外国语言文学类,,,,天津,2017
理科,国际金融学院,经济学类,,,,天津,2017
理科,国际金融学院,金融学,645,640,643,天津,2017
理科,海洋科学学院,海洋科学,628,625,626,天津,2017
理科,化学工程与技术学院,化学工程与工艺,,,,天津,2017
理科,化学学院,化学类,631,627,629,天津,2017
理科,岭南学院,经济学类,643,641,642,天津,2017
理科,旅游学院,旅游管理类,628,627,628,天津,2017
理科,生命科学学院,生物科学类,635,630,633,天津,2017
理科,数据科学与计算机学院,计算机类,646,643,645,天津,2017
理科,数据科学与计算机学院（软件学院）,软件工程,,,,天津,2017
理科,数学学院（珠海）,数学类,,,,天津,2017
理科,数学学院（广州）,数学类,647,643,645,天津,2017
理科,物理学院,光电信息科学与工程,642,640,641,天津,2017
理科,心理学系,心理学,636,629,633,天津,2017
理科,药学院（广州）,药学,638,632,635,天津,2017
理科,医学院（深圳）,临床医学,646,644,645,天津,2017
理科,中山医学院,临床医学（八年制）,,,,天津,2017
综合改革,材料学院,材料类,649,646,647,浙江,2017
综合改革,大气科学学院,大气科学类,647,645,646,浙江,2017
综合改革,地理科学与规划学院,地理科学类,647,646,647,浙江,2017
综合改革,电子与信息工程学院,电子信息类,649,648,649,浙江,2017
综合改革,电子与信息工程学院,光电信息科学与工程,647,647,647,浙江,2017
综合改革,法学院,法学,649,649,649,浙江,2017
综合改革,公共卫生学院（广州）,预防医学,651,649,650,浙江,2017
综合改革,管理学院,会计学,659,653,656,浙江,2017
综合改革,光华口腔医学院,口腔医学（5+3）,657,656,657,浙江,2017
综合改革,国际翻译学院,外国语言文学类,647,647,647,浙江,2017
综合改革,国际关系学院,国际政治,648,646,647,浙江,2017
综合改革,国际金融学院,工商管理类,652,651,652,浙江,2017
综合改革,国际金融学院,金融学,652,652,652,浙江,2017
综合改革,海洋工程与技术学院,海洋科学,647,642,645,浙江,2017
综合改革,化学工程与技术学院,化学工程与工艺,645,645,645,浙江,2017
综合改革,环境科学与工程学院,环境科学与工程类,647,646,647,浙江,2017
综合改革,岭南学院,经济学类,656,654,655,浙江,2017
综合改革,旅游学院,旅游管理类,646,645,646,浙江,2017
综合改革,社会学与人类学学院,社会学,654,649,652,浙江,2017
综合改革,生命科学学院,生物科学类,649,646,648,浙江,2017
综合改革,生物医学工程学院,生物医学工程,647,645,646,浙江,2017
综合改革,数据科学与计算机学院,计算机类,651,650,650,浙江,2017
综合改革,数据科学与计算机学院,信息与计算科学,650,649,650,浙江,2017
综合改革,数据科学与计算机学院（软件学院）,软件工程,649,648,649,浙江,2017
综合改革,数学学院（珠海）,数学类,650,650,650,浙江,2017
综合改革,土木工程学院,土木工程,646,645,646,浙江,2017
综合改革,外国语学院,日语,647,646,647,浙江,2017
综合改革,外国语学院,英语,648,648,648,浙江,2017
综合改革,物理与天文学院,物理学,649,646,647,浙江,2017
综合改革,心理学系,心理学,647,646,647,浙江,2017
综合改革,药学院（深圳）,药学,646,645,645,浙江,2017
综合改革,哲学系（珠海）,哲学,646,645,646,浙江,2017
综合改革,智能工程学院,自动化,647,647,647,浙江,2017
综合改革,中法核工程与技术学院,核工程类（中法合作办学）（核工程与核技术专业）,644,642,643,浙江,2017
综合改革,中国语言文学系（广州）,汉语言文学,652,648,650,浙江,2017
综合改革,中山医学院,临床医学,672,653,656,浙江,2017
综合改革,中山医学院,临床医学（八年制）,677,676,677,浙江,2017
综合改革,资讯管理学院,信息管理与信息系统,649,648,649,浙江,2017
文科,传播与设计学院,新闻传播学类,625,621,623,重庆,2017
文科,法学院,法学,625,617,621,重庆,2017
文科,国际翻译学院,外国语言文学类,618,618,618,重庆,2017
文科,国际金融学院,工商管理类,628,625,627,重庆,2017
文科,国际金融学院,经济学类,,,,重庆,2017
文科,岭南学院,经济学类,631,631,631,重庆,2017
文科,社会学与人类学学院,人类学,616,616,616,重庆,2017
文科,社会学与人类学学院,社会学,619,619,619,重庆,2017
文科,外国语学院,日语,615,614,615,重庆,2017
文科,外国语学院,英语,617,617,617,重庆,2017
文科,政治与公共事务管理学院,公共管理类,620,615,618,重庆,2017
文科,中国语言文学系（广州）,汉语言文学,,,,重庆,2017
文科,中国语言文学系（珠海）,汉语言文学,629,614,622,重庆,2017
文科,资讯管理学院,图书情报与档案管理类,626,616,621,重庆,2017
理科,材料科学与工程学院,材料类,,,,重庆,2017
理科,材料学院,材料类,642,639,640,重庆,2017
理科,大气科学学院,大气科学类,639,639,639,重庆,2017
理科,地理科学与规划学院,地理科学类,639,639,639,重庆,2017
理科,地球科学与工程学院,地质类,638,638,638,重庆,2017
理科,电子与信息工程学院,微电子科学与工程,654,645,650,重庆,2017
理科,工学院,交通工程,640,638,639,重庆,2017
理科,工学院,能源与动力工程,,,,重庆,2017
理科,公共卫生学院（广州）,预防医学,,,,重庆,2017
理科,公共卫生学院（深圳）,预防医学,646,640,643,重庆,2017
理科,管理学院,工商管理类,,,,重庆,2017
理科,管理学院,工商管理,647,642,645,重庆,2017
理科,光华口腔医学院,口腔医学,653,652,653,重庆,2017
理科,光华口腔医学院,口腔医学（5+3）,657,654,656,重庆,2017
理科,国际金融学院,经济学类,,,,重庆,2017
理科,国际金融学院,金融学,650,649,650,重庆,2017
理科,海洋科学学院,海洋科学,639,639,639,重庆,2017
理科,化学学院,化学类,649,641,646,重庆,2017
理科,环境科学与工程学院,环境科学与工程类,644,640,642,重庆,2017
理科,岭南学院,经济学类,657,655,656,重庆,2017
理科,旅游学院,旅游管理类,643,639,641,重庆,2017
理科,生命科学学院,生物科学类,657,640,646,重庆,2017
理科,数据科学与计算机学院,计算机类,650,646,648,重庆,2017
理科,数据科学与计算机学院（软件学院）,软件工程,648,642,644,重庆,2017
理科,数学学院（珠海）,数学类,,,,重庆,2017
理科,数学学院（广州）,数学类,654,648,650,重庆,2017
理科,物理学院（广州）,光电信息科学与工程,650,636,643,重庆,2017
理科,药学院（广州）,药学,649,639,644,重庆,2017
理科,医学院（深圳）,临床医学,658,631,648,重庆,2017
理科,哲学系（广州）,逻辑学,641,641,641,重庆,2017
理科,中法核工程与技术学院,核工程类（中外合作办学）（核工程与核技术专业）,639,639,639,重庆,2017
理科,中山医学院,康复治疗学,,,,重庆,2017
理科,中山医学院,临床医学（八年制）,673,657,665,重庆,2017
理科,航空航天学院,理论与应用力学,640,640,640,重庆,2017
理科,智能工程学院,智能科学与技术,653,632,643,重庆,2017
文科,传播与设计学院,新闻传播学类,611,600,605,广东,2017
文科,法学院,法学,615,601,605,广东,2017
文科,管理学院,工商管理类,,,,广东,2017
文科,管理学院,工商管理,619,609,613,广东,2017
文科,管理学院,会计学,624,610,613,广东,2017
文科,国际翻译学院,外国语言文学类,603,590,595,广东,2017
文科,国际关系学院,国际政治,605,592,597,广东,2017
文科,国际金融学院,经济学类,,,,广东,2017
文科,国际金融学院,工商管理类,609,603,606,广东,2017
文科,国际金融学院,金融学,616,605,609,广东,2017
文科,历史学系（广州）,历史学,611,595,599,广东,2017
文科,历史学系（珠海）,历史学,598,591,594,广东,2017
文科,岭南学院,经济学类,625,616,619,广东,2017
文科,旅游学院,旅游管理类,608,591,594,广东,2017
文科,社会学与人类学学院,人类学,611,595,598,广东,2017
文科,社会学与人类学学院,社会学,619,598,602,广东,2017
文科,外国语学院,德语,612,596,599,广东,2017
文科,外国语学院,法语,604,595,599,广东,2017
文科,外国语学院,日语,602,594,597,广东,2017
文科,外国语学院,英语,614,598,602,广东,2017
文科,哲学系（广州）,哲学,602,591,597,广东,2017
文科,哲学系（珠海）,哲学,606,591,593,广东,2017
文科,政治与公共事务管理学院,公共管理类,613,598,601,广东,2017
文科,中国语言文学系（广州）,汉语言文学,617,599,605,广东,2017
文科,中国语言文学系（珠海）,汉语言文学,601,592,595,广东,2017
文科,资讯管理学院,图书情报与档案管理类,599,591,594,广东,2017
理科,材料科学与工程学院,材料类,622,599,606,广东,2017
理科,材料学院,材料类,619,582,596,广东,2017
理科,传播与设计学院,新闻传播学类,618,612,615,广东,2017
理科,大气科学学院,大气科学类,612,581,593,广东,2017
理科,地理科学与规划学院,城乡规划,620,613,616,广东,2017
理科,地理科学与规划学院,地理科学类,617,589,597,广东,2017
理科,地理科学与规划学院,水文与水资源工程,,,,广东,2017
理科,"地球科学与
工程学院",地质学类,597,582,589,广东,2017
理科,电子与通信工程学院,电子信息类,618,587,604,广东,2017
理科,电子与信息工程学院,电子信息类,631,616,620,广东,2017
理科,电子与信息工程学院,光电信息科学与工程,641,609,615,广东,2017
理科,电子与信息工程学院,微电子科学与工程,624,611,615,广东,2017
理科,法学院,法学,622,617,619,广东,2017
理科,工学院,交通工程,616,602,607,广东,2017
理科,工学院,理论与应用力学,611,607,609,广东,2017
理科,工学院,能源与动力工程,,,,广东,2017
理科,工学院,生物医学工程,,,,广东,2017
理科,生物医学工程学院,生物医学工程,618,581,596,广东,2017
理科,公共卫生学院（广州）,卫生检验与检疫,,,,广东,2017
理科,公共卫生学院（广州）,预防医学,618,581,597,广东,2017
理科,公共卫生学院（深圳）,预防医学,608,581,591,广东,2017
理科,管理学院,工商管理类,,,,广东,2017
理科,管理学院,工商管理,634,624,628,广东,2017
理科,管理学院,会计学,640,624,630,广东,2017
文科,传播与设计学院,新闻传播学类,620,617,619,山东,2017
文科,法学院,法学,624,617,620,山东,2017
文科,管理学院,工商管理类,,,,山东,2017
文科,管理学院,会计学,615,615,615,山东,2017
文科,国际翻译学院,外国语言文学类,617,616,617,山东,2017
文科,国际关系学院,国际政治,616,616,616,山东,2017
文科,国际金融学院,工商管理类,616,615,616,山东,2017
文科,历史学系（广州）,历史学,,,,山东,2017
文科,历史学系（珠海）,历史学,616,614,615,山东,2017
文科,岭南学院,经济学类,632,630,631,山东,2017
文科,社会学与人类学学院,人类学,616,614,615,山东,2017
文科,社会学与人类学学院,社会学,617,615,616,山东,2017
文科,外国语学院,德语,625,614,619,山东,2017
文科,外国语学院,法语,614,614,614,山东,2017
文科,外国语学院,日语,616,613,615,山东,2017
文科,哲学系（广州）,哲学,,,,山东,2017
文科,哲学系（珠海）,哲学,614,614,614,山东,2017
文科,政治与公共事务管理学院,公共管理类,625,614,618,山东,2017
文科,中国语言文学系（珠海）,汉语言文学,,,,山东,2017
文科,中国语言文学系（广州）,汉语言文学,619,616,618,山东,2017
文科,资讯管理学院,图书情报与档案管理类,615,615,615,山东,2017
理科,材料科学与工程学院,材料类,,,,山东,2017
理科,材料学院,材料类,650,642,645,山东,2017
理科,大气科学学院,大气科学类,646,644,645,山东,2017
理科,地理科学与规划学院,地理科学类,666,644,652,山东,2017
理科,地球科学与工程学院,地质学类,645,641,643,山东,2017
理科,电子与信息工程学院,电子信息类,654,649,651,山东,2017
理科,电子与信息工程学院,光电信息科学与工程,650,644,646,山东,2017
理科,电子与信息工程学院,微电子科学与工程,648,645,646,山东,2017
理科,工学院,交通工程,646,642,644,山东,2017
理科,工学院,理论与应用力学,643,642,643,山东,2017
理科,工学院,生物医学工程,,,,山东,2017
理科,生物医学工程学院,生物医学工程,645,642,643,山东,2017
理科,公共卫生学院（广州）,预防医学,644,644,644,山东,2017
理科,管理学院,工商管理类,,,,山东,2017
理科,管理学院,会计学,656,651,654,山东,2017
理科,光华口腔医学院,口腔医学,654,652,653,山东,2017
理科,国际翻译学院,外国语言文学类,,,,山东,2017
理科,国际金融学院,经济学类,,,,山东,2017
理科,国际金融学院,金融学,657,654,656,山东,2017
理科,海洋科学学院,海洋科学,,,,山东,2017
理科,海洋工程与技术学院,海洋科学,649,642,646,山东,2017
理科,化学工程与技术学院,化学工程与工艺,,,,山东,2017
理科,化学学院,化学类,657,642,648,山东,2017
理科,环境科学与工程学院,环境科学与工程类,647,641,645,山东,2017
理科,岭南学院,经济学类,662,658,660,山东,2017
理科,旅游学院,旅游管理类,643,642,642,山东,2017
理科,生命科学学院,生物科学类,656,642,645,山东,2017
理科,数据科学与计算机学院,计算机类,660,648,651,山东,2017
理科,数据科学与计算机学院（软件学院）,软件工程,656,647,651,山东,2017
文科,传播与设计学院,新闻传播学类,380,380,380,江苏,2017
文科,法学院,法学,381,379,380,江苏,2017
文科,国际翻译学院,外国语言文学类,,,,江苏,2017
文科,国际关系学院,国际政治,380,378,379,江苏,2017
文科,国际金融学院,工商管理类,380,379,380,江苏,2017
文科,历史学系（珠海）,历史学,,,,江苏,2017
文科,历史学系（广州）,历史学,379,378,379,江苏,2017
文科,岭南学院,经济学类,382,381,382,江苏,2017
文科,社会学与人类学学院,人类学,379,379,379,江苏,2017
文科,外国语学院,日语,378,378,378,江苏,2017
文科,外国语学院,英语,379,378,379,江苏,2017
文科,哲学系（珠海）,哲学,378,378,378,江苏,2017
文科,政治与公共事务管理学院,公共管理类,379,379,379,江苏,2017
文科,中国语言文学系（珠海）,汉语言文学,,,,江苏,2017
文科,中国语言文学系(广州）,汉语言文学,379,378,379,江苏,2017
文科,资讯管理学院,图书情报与档案管理类,379,379,379,江苏,2017
理科,材料科学与工程学院,材料类,380,378,379,江苏,2017
理科,大气科学学院,大气科学类,379,378,379,江苏,2017
理科,地理科学与规划学院,地理科学类,379,379,379,江苏,2017
理科,电子与通信工程学院,电子信息类,381,379,380,江苏,2017
理科,电子与信息工程学院,微电子科学与工程,382,379,381,江苏,2017
理科,工学院,理论与应用力学,380,379,379,江苏,2017
理科,工学院,能源与动力工程,,,,江苏,2017
理科,公共卫生学院（广州）,预防医学,,,,江苏,2017
理科,公共卫生学院（深圳）,预防医学,380,379,380,江苏,2017
理科,管理学院,工商管理类,,,,江苏,2017
理科,管理学院,工商管理,385,382,383,江苏,2017
理科,光华口腔医学院,口腔医学,383,382,383,江苏,2017
理科,国际翻译学院,外国语言文学类,,,,江苏,2017
理科,海洋科学学院,海洋科学,379,379,379,江苏,2017
理科,化学学院,化学类,,,,江苏,2017
理科,化学工程与技术学院,化学工程与工艺,380,378,379,江苏,2017
理科,环境科学与工程学院,环境科学与工程类,380,379,380,江苏,2017
理科,岭南学院,管理科学与工程类,385,384,385,江苏,2017
理科,岭南学院,经济学类,389,386,388,江苏,2017
理科,旅游学院,旅游管理类,380,380,380,江苏,2017
理科,生命科学学院,生物科学类,383,381,382,江苏,2017
理科,数据科学与计算机学院,计算机类,383,383,383,江苏,2017
理科,数据科学与计算机学院（软件学院）,软件工程,,,,江苏,2017
理科,数学学院（珠海）,数学类,,,,江苏,2017
理科,数学学院（广州）,数学类,383,381,382,江苏,2017
理科,物理学院（广州）,光电信息科学与工程,382,379,380,江苏,2017
理科,物理学院（广州）,物理学,380,378,379,江苏,2017
理科,物理与天文学院,物理学,,,,江苏,2017
理科,药学院（广州）,药学,380,380,380,江苏,2017
理科,医学院（深圳）,临床医学,386,379,382,江苏,2017
理科,中法核工程与技术学院,核工程类（中外合作办学）（核工程与核技术专业）,379,379,379,江苏,2017
理科,中山医学院,康复治疗学,,,,江苏,2017
理科,中山医学院,临床医学（八年制）,395,385,390,江苏,2017
理科,土木工程学院,土木工程,382,382,382,江苏,2017
文科,传播与设计学院,新闻传播学类,619,619,619,四川,2017
文科,法学院,法学,626,625,626,四川,2017
文科,管理学院,工商管理类,,,,四川,2017
文科,管理学院,会计学,629,627,628,四川,2017
文科,国际翻译学院,外国语言文学类,621,620,621,四川,2017
文科,国际关系学院,国际政治,621,620,621,四川,2017
文科,国际金融学院,工商管理类,628,625,627,四川,2017
文科,历史学系（珠海）,历史学,,,,四川,2017
文科,历史学系（广州）,历史学,619,619,619,四川,2017
文科,岭南学院,经济学类,631,628,630,四川,2017
文科,旅游学院,旅游管理类,622,621,622,四川,2017
文科,社会学与人类学学院,人类学,630,630,630,四川,2017
文科,社会学与人类学学院,社会学,620,620,620,四川,2017
文科,外国语学院,英语,624,622,623,四川,2017
文科,哲学系（广州）,哲学,,,,四川,2017
文科,哲学系（珠海）,哲学,619,619,619,四川,2017
文科,政治与公共事务管理学院,公共管理类,626,622,624,四川,2017
文科,中国语言文学系（珠海）,汉语言文学,,,,四川,2017
文科,中国语言文学系（广州）,汉语言文学,620,620,620,四川,2017
文科,资讯管理学院,图书情报与档案管理类,620,619,620,四川,2017
理科,材料科学与工程学院,材料类,650,646,648,四川,2017
理科,大气科学学院,大气科学类,640,640,640,四川,2017
理科,地理科学与规划学院,城乡规划,652,650,651,四川,2017
理科,地理科学与规划学院,地理科学类,644,639,642,四川,2017
理科,地球科学与工程学院,地质类,643,643,643,四川,2017
理科,电子与信息工程学院,电子信息类,656,653,655,四川,2017
理科,电子与信息工程学院,光电信息科学与工程,652,638,644,四川,2017
理科,电子与信息工程学院,微电子科学与工程,649,642,646,四川,2017
理科,工学院,理论与应用力学,646,639,643,四川,2017
理科,工学院,生物医学工程,,,,四川,2017
理科,生物医学工程学院,生物医学工程,643,639,641,四川,2017
理科,公共卫生学院(广州）,预防医学,646,635,642,四川,2017
理科,管理学院,工商管理类,,,,四川,2017
理科,管理学院,会计学,653,646,649,四川,2017
理科,光华口腔医学院,口腔医学（5+3）,665,650,658,四川,2017
理科,国际翻译学院,外国语言文学类,,,,四川,2017
理科,国际金融学院,经济学类,,,,四川,2017
理科,国际金融学院,金融学,657,656,657,四川,2017
理科,海洋学院,海洋科学,,,,四川,2017
理科,海洋工程与技术学院,海洋科学,641,640,641,四川,2017
理科,化学工程与技术学院,化学工程与工艺,642,640,641,四川,2017
理科,环境科学与工程学院,环境科学与工程类,642,641,642,四川,2017
理科,岭南学院,经济学类,661,652,657,四川,2017
理科,旅游学院,旅游管理类,639,639,639,四川,2017
理科,生命科学学院,生物科学类,651,640,646,四川,2017
理科,数据科学与计算机学院,保密管理,640,639,639,四川,2017
理科,数据科学与计算机学院,计算机类,660,654,657,四川,2017
理科,数据科学与计算机学院,信息与计算科学,652,646,648,四川,2017
理科,数据科学与计算机学院（软件学院）,软件工程,653,647,650,四川,2017
理科,数学学院（广州）,数学类,,,,四川,2017
文科,传播与设计学院,新闻传播学类,619,618,619,河南,2017
文科,法学院,法学,623,616,619,河南,2017
文科,管理学院,工商管理类,,,,河南,2017
文科,管理学院,工商管理,627,626,627,河南,2017
文科,国际翻译学院,外国语言文学类,620,620,620,河南,2017
文科,国际金融学院,工商管理类,625,624,625,河南,2017
文科,国际金融学院,金融学,624,623,624,河南,2017
文科,历史学系（珠海）,历史学,,,,河南,2017
文科,历史学系（广州）,历史学,616,616,616,河南,2017
文科,岭南学院,经济学类,629,628,629,河南,2017
文科,旅游学院,旅游管理类,624,624,624,河南,2017
文科,社会学与人类学学院,人类学,624,624,624,河南,2017
文科,社会学与人类学学院,社会学,622,622,622,河南,2017
文科,外国语学院,法语,619,619,619,河南,2017
文科,外国语学院,英语,620,619,620,河南,2017
文科,哲学系（广州）,哲学,626,617,622,河南,2017
文科,政治与公共事务管理学院,公共管理类,620,619,620,河南,2017
文科,中国语言文学系（广州）,汉语言文学,,,,河南,2017
文科,中国语言文学系（珠海）,汉语言文学,616,616,616,河南,2017
文科,资讯管理学院,图书情报与档案管理类,616,616,616,河南,2017
理科,材料科学与工程学院,材料类,620,616,618,河南,2017
理科,大气科学学院,大气科学类,616,613,615,河南,2017
理科,地理科学与规划学院,城乡规划,626,626,626,河南,2017
理科,地理科学与规划学院,地理科学类,618,618,618,河南,2017
理科,电子与信息工程学院,电子信息类,,,,河南,2017
理科,电子与通信工程学院,电子信息类,625,619,622,河南,2017
理科,电子与信息工程学院,微电子科学与工程,629,628,629,河南,2017
理科,工学院,理论与应用力学,618,616,617,河南,2017
理科,工学院,能源与动力工程,,,,河南,2017
理科,工学院,生物医学工程,,,,河南,2017
理科,生物医学工程学院,生物医学工程,621,617,619,河南,2017
理科,公共卫生学院（广州）,预防医学,,,,河南,2017
理科,公共卫生学院（深圳）,预防医学,624,618,621,河南,2017
理科,管理学院,工商管理类,,,,河南,2017
理科,管理学院,工商管理,631,619,624,河南,2017
理科,光华口腔医学院,口腔医学（5+3）,634,634,634,河南,2017
理科,国际金融学院,经济学类,,,,河南,2017
理科,国际金融学院,金融学,631,617,624,河南,2017
理科,海洋科学学院,海洋科学,617,617,617,河南,2017
理科,化学学院,化学类,,,,河南,2017
理科,化学工程与技术学院,化学工程与工艺,617,616,617,河南,2017
理科,环境科学与工程学院,环境科学与工程类,617,617,617,河南,2017
理科,岭南学院,经济学类,637,635,636,河南,2017
理科,旅游学院,旅游管理类,619,619,619,河南,2017
理科,生命科学学院,生物科学类,631,617,622,河南,2017
理科,数据科学与计算机学院,保密管理,620,616,618,河南,2017
理科,数据科学与计算机学院,计算机类,635,629,632,河南,2017
理科,数据科学与计算机学院,信息与计算科学,622,621,622,河南,2017
理科,数据科学与计算机学院（软件学院）,软件工程,627,624,625,河南,2017
理科,数学学院（广州）,数学类,,,,河南,2017
文科,传播与设计学院,新闻传播学类,619,619,619,四川,2017
文科,法学院,法学,626,625,626,四川,2017
文科,管理学院,工商管理类,,,,四川,2017
文科,管理学院,会计学,629,627,628,四川,2017
文科,国际翻译学院,外国语言文学类,621,620,621,四川,2017
文科,国际关系学院,国际政治,621,620,621,四川,2017
文科,国际金融学院,工商管理类,628,625,627,四川,2017
文科,历史学系（珠海）,历史学,,,,四川,2017
文科,历史学系（广州）,历史学,619,619,619,四川,2017
文科,岭南学院,经济学类,631,628,630,四川,2017
文科,旅游学院,旅游管理类,622,621,622,四川,2017
文科,社会学与人类学学院,人类学,630,630,630,四川,2017
文科,社会学与人类学学院,社会学,620,620,620,四川,2017
文科,外国语学院,英语,624,622,623,四川,2017
文科,哲学系（广州）,哲学,,,,四川,2017
文科,哲学系（珠海）,哲学,619,619,619,四川,2017
文科,政治与公共事务管理学院,公共管理类,626,622,624,四川,2017
文科,中国语言文学系（珠海）,汉语言文学,,,,四川,2017
文科,中国语言文学系（广州）,汉语言文学,620,620,620,四川,2017
文科,资讯管理学院,图书情报与档案管理类,620,619,620,四川,2017
理科,材料科学与工程学院,材料类,650,646,648,四川,2017
理科,大气科学学院,大气科学类,640,640,640,四川,2017
理科,地理科学与规划学院,城乡规划,652,650,651,四川,2017
理科,地理科学与规划学院,地理科学类,644,639,642,四川,2017
理科,地球科学与工程学院,地质类,643,643,643,四川,2017
理科,电子与信息工程学院,电子信息类,656,653,655,四川,2017
理科,电子与信息工程学院,光电信息科学与工程,652,638,644,四川,2017
理科,电子与信息工程学院,微电子科学与工程,649,642,646,四川,2017
理科,工学院,理论与应用力学,646,639,643,四川,2017
理科,工学院,生物医学工程,,,,四川,2017
理科,生物医学工程学院,生物医学工程,643,639,641,四川,2017
理科,公共卫生学院(广州）,预防医学,646,635,642,四川,2017
理科,管理学院,工商管理类,,,,四川,2017
理科,管理学院,会计学,653,646,649,四川,2017
理科,光华口腔医学院,口腔医学（5+3）,665,650,658,四川,2017
理科,国际翻译学院,外国语言文学类,,,,四川,2017
理科,国际金融学院,经济学类,,,,四川,2017
理科,国际金融学院,金融学,657,656,657,四川,2017
理科,海洋学院,海洋科学,,,,四川,2017
理科,海洋工程与技术学院,海洋科学,641,640,641,四川,2017
理科,化学工程与技术学院,化学工程与工艺,642,640,641,四川,2017
理科,环境科学与工程学院,环境科学与工程类,642,641,642,四川,2017
理科,岭南学院,经济学类,661,652,657,四川,2017
理科,旅游学院,旅游管理类,639,639,639,四川,2017
理科,生命科学学院,生物科学类,651,640,646,四川,2017
理科,数据科学与计算机学院,保密管理,640,639,639,四川,2017
理科,数据科学与计算机学院,计算机类,660,654,657,四川,2017
理科,数据科学与计算机学院,信息与计算科学,652,646,648,四川,2017
理科,数据科学与计算机学院（软件学院）,软件工程,653,647,650,四川,2017
理科,数学学院（广州）,数学类,,,,四川,2017
文科,传播与设计学院,新闻传播学类,634,634,634,河北,2017
文科,法学院,法学,639,639,639,河北,2017
文科,管理学院,工商管理类,,,,河北,2017
文科,管理学院,工商管理,641,637,639,河北,2017
文科,国际金融学院,工商管理类,636,635,636,河北,2017
文科,历史学系（珠海）,历史学,,,,河北,2017
文科,历史学系（广州）,历史学,634,633,634,河北,2017
文科,岭南学院,经济学类,644,643,644,河北,2017
文科,社会学与人类学学院,社会学,633,632,633,河北,2017
文科,哲学系（广州）,哲学,636,634,635,河北,2017
文科,政治与公共事务管理学院,公共管理类,636,633,635,河北,2017
文科,中国语言文学系（珠海）,汉语言文学,,,,河北,2017
文科,中国语言文学系（广州）,汉语言文学,636,636,636,河北,2017
文科,资讯管理学院,图书情报与档案管理类,638,633,635,河北,2017
理科,材料科学与工程学院,材料类,644,634,639,河北,2017
理科,大气科学学院,大气科学类,633,633,633,河北,2017
理科,地理科学与规划学院,城乡规划,635,635,635,河北,2017
理科,地理科学与规划学院,地理科学类,633,633,633,河北,2017
理科,地球科学与工程学院,地质学类,633,633,633,河北,2017
理科,电子与信息工程学院,电子信息类,646,640,643,河北,2017
理科,电子与信息工程学院,光电信息科学与工程,638,635,636,河北,2017
理科,电子与信息工程学院,微电子科学与工程,645,642,644,河北,2017
理科,工学院,交通工程,635,634,634,河北,2017
理科,工学院,生物医学工程,,,,河北,2017
理科,生物医学工程学院,生物医学工程,643,640,642,河北,2017
理科,公共卫生学院（广州）,预防医学,,,,河北,2017
理科,公共卫生学院(深圳),预防医学,650,634,644,河北,2017
理科,管理学院,工商管理类,,,,河北,2017
理科,管理学院,工商管理,636,634,635,河北,2017
理科,光华口腔医学院,口腔医学,652,651,652,河北,2017
理科,光华口腔医学院,口腔医学（5+3）,657,649,653,河北,2017
理科,国际翻译学院,外国语言文学类,,,,河北,2017
理科,国际金融学院,经济学类,,,,河北,2017
理科,国际金融学院,金融学,647,643,645,河北,2017
理科,海洋工程与技术学院,海洋科学,633,633,633,河北,2017
理科,化学学院,化学类,,,,河北,2017
理科,化学工程与技术学院,化学工程与工艺,646,641,644,河北,2017
理科,环境科学与工程学院,环境科学与工程类,637,635,636,河北,2017
理科,岭南学院,管理科学与工程类,651,651,651,河北,2017
理科,岭南学院,经济学类,637,635,636,河北,2017
理科,旅游学院,旅游管理类,636,633,635,河北,2017
理科,生命科学学院,生物科学类,657,651,654,河北,2017
理科,数据科学与计算机学院,计算机类,648,641,645,河北,2017
理科,数据科学与计算机学院,信息与计算科学,646,642,644,河北,2017
理科,数据科学与计算机学院（软件学院）,软件工程,644,640,642,河北,2017
理科,数学学院（珠海）,数学类,,,,河北,2017
理科,数学学院（广州）,数学类,650,646,648,河北,2017
理科,物理与天文学院,物理学,,,,河北,2017
理科,物理学院（广州）,物理学,648,643,646,河北,2017
理科,心理学系,心理学,640,637,639,河北,2017
文科,传播与设计学院,新闻传播学类,598,598,598,山西,2017
文科,法学院,法学,593,586,590,山西,2017
文科,管理学院,工商管理类,,,,山西,2017
文科,管理学院,会计学,598,595,597,山西,2017
文科,国际翻译学院,外国语言文学类,589,587,588,山西,2017
文科,国际关系学院,国际政治,,,,山西,2017
文科,国际金融学院,工商管理类,595,590,593,山西,2017
文科,岭南学院,经济学类,599,596,598,山西,2017
文科,社会学与人类学学院,人类学,587,585,586,山西,2017
文科,社会学与人类学学院,社会学,587,586,587,山西,2017
文科,外国语学院,英语,585,585,585,山西,2017
文科,中国语言文学系（广州）,汉语言文学,,,,山西,2017
文科,中国语言文学系（珠海）,汉语言文学,588,585,587,山西,2017
文科,资讯管理学院,图书情报与档案管理类,587,585,586,山西,2017
理科,材料科学与工程学院,材料类,,,,山西,2017
理科,材料学院,材料类,590,581,586,山西,2017
理科,大气科学学院,大气科学类,586,586,586,山西,2017
理科,地理科学与规划学院,城乡规划,582,582,582,山西,2017
理科,地理科学与规划学院,地理科学类,583,581,582,山西,2017
理科,地球科学与工程学院,地质学类,584,584,584,山西,2017
理科,电子与信息工程学院,电子信息类,,,,山西,2017
理科,电子与通信工程学院,电子信息类,598,589,592,山西,2017
理科,工学院,交通工程,587,586,587,山西,2017
理科,工学院,生物医学工程,,,,山西,2017
理科,生物医学工程学院,生物医学工程,583,582,583,山西,2017
理科,公共卫生学院（广州）,卫生检验与检疫,,,,山西,2017
理科,公共卫生学院（广州）,预防医学,606,588,597,山西,2017
理科,管理学院,工商管理类,,,,山西,2017
理科,管理学院,会计学,605,600,603,山西,2017
理科,光华口腔医学院,口腔医学,591,590,591,山西,2017
理科,光华口腔医学院,口腔医学（5+3）,606,593,600,山西,2017
理科,国际翻译学院,外国语言文学类,,,,山西,2017
理科,国际金融学院,经济学类,,,,山西,2017
理科,国际金融学院,金融学,600,597,599,山西,2017
理科,海洋科学学院,海洋科学,582,582,582,山西,2017
理科,化学工程与技术学院,化学工程与工艺,,,,山西,2017
理科,化学学院,化学类,586,581,583,山西,2017
理科,岭南学院,经济学类,616,607,612,山西,2017
理科,旅游学院,旅游管理类,593,586,590,山西,2017
理科,生命科学学院,生物科学类,596,586,591,山西,2017
理科,数据科学与计算机学院,计算机类,594,589,591,山西,2017
理科,数据科学与计算机学院,信息与计算科学,592,590,591,山西,2017
理科,数据科学与计算机学院(软件学院）,软件工程,593,590,592,山西,2017
理科,数学学院（广州）,数学类,601,594,598,山西,2017
理科,物理学院,光电信息科学与工程,589,586,588,山西,2017
理科,物理学院,物理学,598,589,592,山西,2017
理科,物理与天文学院,物理学,,,,山西,2017
理科,药学院（广州）,药学,591,588,590,山西,2017
理科,医学院（深圳）,临床医学,605,590,597,山西,2017
理科,哲学系（广州）,逻辑学,586,583,585,山西,2017
文科,法学院,法学,639,632,636,陕西,2017
文科,管理学院,工商管理类,,,,陕西,2017
文科,管理学院,工商管理,641,641,641,陕西,2017
文科,国际翻译学院,外国语言文学类,632,632,632,陕西,2017
文科,国际关系学院,国际政治,629,629,629,陕西,2017
文科,国际金融学院,工商管理类,639,639,639,陕西,2017
文科,历史学系（珠海）,历史学,,,,陕西,2017
文科,历史学系（广州）,历史学,636,629,632,陕西,2017
文科,岭南学院,经济学类,643,643,643,陕西,2017
文科,社会学与人类学学院,人类学,636,631,634,陕西,2017
文科,社会学与人类学学院,社会学,628,628,628,陕西,2017
文科,外国语学院,法语,640,631,636,陕西,2017
文科,哲学系（广州）,哲学,,,,陕西,2017
文科,哲学系（珠海）,哲学,633,632,633,陕西,2017
文科,中国语言文学系（珠海）,汉语言文学,,,,陕西,2017
文科,中国语言文学系（广州）,汉语言文学,635,632,634,陕西,2017
理科,材料科学与工程学院,材料类,,,,陕西,2017
理科,材料学院,材料类,650,645,648,陕西,2017
理科,大气科学学院,大气科学类,649,646,648,陕西,2017
理科,地理科学与规划学院,地理科学类,644,644,644,陕西,2017
理科,电子与信息工程学院,光电信息科学与工程,654,654,654,陕西,2017
理科,电子与信息工程学院,微电子科学与工程,655,655,655,陕西,2017
理科,公共卫生学院（广州）,预防医学,,,,陕西,2017
理科,公共卫生学院（深圳）,预防医学,658,658,658,陕西,2017
理科,管理学院,工商管理类,,,,陕西,2017
理科,管理学院,工商管理,650,644,647,陕西,2017
理科,光华口腔医学院,口腔医学（5+3）,646,646,646,陕西,2017
理科,国际翻译学院,外国语言文学类,,,,陕西,2017
理科,国际金融学院,经济学类,,,,陕西,2017
理科,国际金融学院,金融学,658,657,658,陕西,2017
理科,海洋科学学院,海洋科学,649,649,649,陕西,2017
理科,化学学院,化学类,,,,陕西,2017
理科,化学工程与技术学院,化学工程与工艺,649,649,649,陕西,2017
理科,环境科学与工程学院,环境科学与工程类,644,644,644,陕西,2017
理科,岭南学院,经济学类,659,659,659,陕西,2017
理科,旅游学院,旅游管理类,653,646,651,陕西,2017
理科,生命科学学院,生物科学类,655,654,655,陕西,2017
理科,生命医学工程学院,生物医学工程,646,646,646,陕西,2017
理科,数据科学与计算机学院,计算机类,655,651,653,陕西,2017
理科,数据科学与计算机学院(软件学院）,软件工程,658,649,653,陕西,2017
理科,数学学院（广州）,数学类,,,,陕西,2017
理科,数学学院（珠海）,数学类,656,655,656,陕西,2017
理科,药学院（广州）,药学,651,651,651,陕西,2017
理科,医学院（深圳）,临床医学,675,660,669,陕西,2017
理科,哲学系（广州）,逻辑学,645,645,645,陕西,2017
理科,中山医学院,临床医学（八年制）,676,675,676,陕西,2017
理科,中山医学院,医学检验技术,,,,陕西,2017
理科,航空航天学院,理论与应用力学,645,645,645,陕西,2017
理科,智能工程学院,智能科学与技术,662,653,658,陕西,2017
理科,智能工程学院,自动化,650,650,650,陕西,2017
文科,传播与设计学院,新闻传播学类,,,,辽宁,2017
文科,法学院,法学,617,614,616,辽宁,2017
文科,管理学院,工商管理类,,,,辽宁,2017
文科,管理学院,会计学,616,616,616,辽宁,2017
文科,国际翻译学院,外国语言文学类,615,613,614,辽宁,2017
文科,国际关系学院,国际政治,615,610,613,辽宁,2017
文科,国际金融学院,工商管理类,617,617,617,辽宁,2017
文科,历史学系（珠海）,历史学,,,,辽宁,2017
文科,历史学系（广州）,历史学,615,614,615,辽宁,2017
文科,岭南学院,经济学类,620,619,620,辽宁,2017
文科,社会学与人类学学院,人类学,617,613,615,辽宁,2017
文科,社会学与人类学学院,社会学类,,,,辽宁,2017
文科,外国语学院,日语,615,615,615,辽宁,2017
文科,中国语言文学系（珠海）,汉语言文学,,,,辽宁,2017
文科,中国语言文学系（广州）,汉语言文学,614,614,614,辽宁,2017
理科,材料科学与工程学院,材料类,641,635,638,辽宁,2017
理科,地理科学与规划学院,地理科学类,639,632,634,辽宁,2017
理科,电子与信息工程学院,电子信息类,642,638,640,辽宁,2017
理科,工学院,理论与应用力学,637,635,636,辽宁,2017
理科,工学院,生物医学工程,,,,辽宁,2017
理科,生物医学工程学院,生物医学工程,634,634,634,辽宁,2017
理科,公共卫生学院（广州）,预防医学,,,,辽宁,2017
理科,光华口腔医学院,口腔医学,640,640,640,辽宁,2017
理科,国际翻译学院,外国语言文学类,,,,辽宁,2017
理科,海洋科学学院,海洋科学,641,634,638,辽宁,2017
理科,化学工程与技术学院,化学工程与工艺,,,,辽宁,2017
理科,化学学院,化学类,645,638,640,辽宁,2017
理科,岭南学院,经济学类,656,644,650,辽宁,2017
理科,旅游学院,旅游管理类,634,632,633,辽宁,2017
理科,生命科学学院,生物科学类,645,639,642,辽宁,2017
理科,数据科学与计算机学院,计算机类,649,643,646,辽宁,2017
理科,数据科学与计算机学院,信息与计算科学,648,646,647,辽宁,2017
理科,数据科学与计算机学院（软件学院）,软件工程,642,639,641,辽宁,2017
理科,数学学院（广州）,数学类,,,,辽宁,2017
理科,数学学院（珠海）,数学类,645,644,645,辽宁,2017
理科,物理学院（广州）,光电信息科学与工程,642,641,642,辽宁,2017
理科,物理学院（广州）,物理学,,,,辽宁,2017
理科,物理与天文学院,物理学,645,644,645,辽宁,2017
理科,药学院（广州）,药学,642,638,640,辽宁,2017
理科,医学院,临床医学,650,633,640,辽宁,2017
理科,哲学系（广州）,逻辑学,637,634,636,辽宁,2017
理科,中法核工程与技术学院,核工程类（中外合作办学）（核工程与核技术专业）,637,636,637,辽宁,2017
理科,中山医学院,基础医学,,,,辽宁,2017
理科,中山医学院,临床医学（八年制）,660,659,660,辽宁,2017
理科,资讯管理学院,信息管理与信息系统,642,640,641,辽宁,2017
,,,,,,辽宁,2017
文科,法学院,法学,566,553,560,青海,2017
文科,管理学院,工商管理类,,,,青海,2017
文科,管理学院,工商管理,579,579,579,青海,2017
文科,国际翻译学院,外国语言文学类,570,570,570,青海,2017
文科,社会学与人类学学院,人类学,571,551,561,青海,2017
文科,中国语言文学系（珠海）,汉语言文学,,,,青海,2017
文科,中国语言文学系（广州）,汉语言文学,572,569,571,青海,2017
理科,材料学院,材料类,548,548,548,青海,2017
理科,地理科学与规划学院,地理科学类,,,,青海,2017
理科,地球科学与工程学院,地质学类,427,409,418,青海,2017
理科,公共卫生学院（广州）,预防医学,,,,青海,2017
理科,公共卫生学院（深圳）,预防医学,576,576,576,青海,2017
理科,国际金融学院,经济学类,,,,青海,2017
理科,国际金融学院,金融学,600,592,596,青海,2017
理科,海洋科学学院,海洋科学,564,541,553,青海,2017
理科,化学学院,化学类,,,,青海,2017
理科,化学工程与技术学院,化学工程与工艺,450,440,445,青海,2017
理科,岭南学院,经济学类,620,620,620,青海,2017
理科,旅游学院,旅游管理类,565,549,557,青海,2017
理科,生命科学学院,生物科学类,468,423,446,青海,2017
理科,数据科学与计算机学院（软件学院）,软件工程,576,571,574,青海,2017
理科,物理与天文学院,物理学,560,560,560,青海,2017
理科,药学院（广州）,药学,571,559,565,青海,2017
理科,中山医学院,临床医学,609,598,604,青海,2017
理科,航空航天学院,理论与应用力学,545,545,545,青海,2017
,,,,,,青海,2017
文科,法学院,法学,603,602,603,宁夏,2017
文科,国际翻译学院,外国语言文学类,605,605,605,宁夏,2017
文科,社会学与人类学学院,人类学,604,604,604,宁夏,2017
文科,社会学与人类学学院,社会学,613,609,611,宁夏,2017
文科,中国语言文学系（广州）,汉语言文学,,,,宁夏,2017
文科,中国语言文学系（珠海）,汉语言文学,614,614,614,宁夏,2017
理科,地理科学与规划学院,地理科学类,597,597,597,宁夏,2017
理科,公共卫生学院（广州）,预防医学,585,574,580,宁夏,2017
理科,国际翻译学院,外国语言文学类,,,,宁夏,2017
理科,化学工程与技术学院,化学工程与工艺,586,583,585,宁夏,2017
理科,化学学院,化学类,584,584,584,宁夏,2017
理科,岭南学院,经济学类,599,599,599,宁夏,2017
理科,生命科学学院,生物科学类,573,573,573,宁夏,2017
理科,数据科学与计算机学院（软件学院）,软件工程,596,596,596,宁夏,2017
理科,数学学院（珠海）,数学类,,,,宁夏,2017
理科,数学学院（广州）,数学类,589,588,589,宁夏,2017
理科,药学院（深圳）,药学,580,572,577,宁夏,2017
理科,中山医学院,康复治疗学,,,,宁夏,2017
理科,中山医学院,临床医学,583,583,583,宁夏,2017
理科,中山医学院,临床医学（八年制）,620,617,619,宁夏,2017
文科,传播与设计学院,新闻传播学类,597,597,597,内蒙古,2017
文科,法学院,法学,590,590,590,内蒙古,2017
文科,管理学院,工商管理类,,,,内蒙古,2017
文科,管理学院,工商管理,589,589,589,内蒙古,2017
文科,国际金融学院,经济学类,,,,内蒙古,2017
文科,国际翻译学院,外国语言文学类,579,579,579,内蒙古,2017
文科,哲学系（珠海）,哲学,589,588,589,内蒙古,2017
理科,大气科学学院,大气科学类,619,610,615,内蒙古,2017
理科,地理科学与规划学院,地理科学类,628,628,628,内蒙古,2017
理科,地球科学与工程学院,地质学类,621,621,621,内蒙古,2017
理科,电子与信息工程学院,光电信息科学与工程,628,628,628,内蒙古,2017
理科,国际翻译学院,外国语言文学类,,,,内蒙古,2017
理科,国际金融学院,经济学类,,,,内蒙古,2017
理科,国际金融学院,金融学,642,635,639,内蒙古,2017
理科,海洋工程与技术学院,海洋科学,616,616,616,内蒙古,2017
理科,旅游学院,旅游管理类,629,629,629,内蒙古,2017
理科,生命科学学院,生物科学类,627,627,627,内蒙古,2017
理科,数据科学与计算机学院,保密管理,621,621,621,内蒙古,2017
理科,数据科学与计算机学院,计算机类,641,640,641,内蒙古,2017
理科,数学学院（广州）,数学类,,,,内蒙古,2017
理科,数学学院（珠海）,数学类,638,602,625,内蒙古,2017
理科,心理学系,心理学类,630,630,630,内蒙古,2017
理科,药学院（广州）,药学,,,,内蒙古,2017
理科,药学院（深圳）,药学,629,617,624,内蒙古,2017
理科,哲学系（广州）,哲学,,,,内蒙古,2017
理科,中山医学院,临床医学,651,649,650,内蒙古,2017
理科,中山医学院,临床医学（八年制）,656,656,656,内蒙古,2017
理科,中山医学院,医学检验技术,,,,内蒙古,2017
理科,资讯管理学院,信息管理与信息系统,634,634,634,内蒙古,2017
理科,智能工程学院,自动化,634,630,632,内蒙古,2017
,,,,,,内蒙古,2017
文科,传播与设计学院,新闻传播学类,619,615,617,江西,2017
文科,法学院,法学,622,617,620,江西,2017
文科,管理学院,工商管理类,,,,江西,2017
文科,管理学院,工商管理,623,621,622,江西,2017
文科,国际翻译学院,外国语言文学类,612,612,612,江西,2017
文科,国际关系学院,国际政治,619,618,619,江西,2017
文科,国际金融学院,工商管理类,620,617,619,江西,2017
文科,国际金融学院,经济学类,,,,江西,2017
文科,历史学系（珠海）,历史学,,,,江西,2017
文科,历史学系（广州）,历史学,617,613,615,江西,2017
文科,岭南学院,经济学类,622,621,622,江西,2017
文科,社会学与人类学学院,人类学,617,617,617,江西,2017
文科,外国语学院,德语,614,613,613,江西,2017
文科,外国语学院,法语,616,616,616,江西,2017
文科,外国语学院,英语,614,614,614,江西,2017
文科,哲学系（珠海）,哲学,,,,江西,2017
文科,哲学系（广州）,哲学,616,612,614,江西,2017
文科,政治与公共事务管理学院,公共管理类,618,615,617,江西,2017
文科,中国语言文学系（广州）,汉语言文学,622,613,618,江西,2017
文科,资讯管理学院,图书情报与档案管理类,613,612,613,江西,2017
理科,材料科学与工程学院,材料类,628,623,626,江西,2017
理科,大气科学学院,大气科学类,626,626,626,江西,2017
理科,地理科学与规划学院,地理科学类,633,624,629,江西,2017
理科,地理科学与规划学院,水文与水资源工程,,,,江西,2017
理科,地球科学与地质工程学院,地质学类,620,619,620,江西,2017
理科,电子与通信工程学院,电子信息类,631,627,628,江西,2017
理科,电子与信息工程学院,电子信息类,,,,江西,2017
理科,电子与信息工程学院,微电子科学与工程,630,626,628,江西,2017
理科,法学院,法学,,,,江西,2017
理科,工学院,交通工程,626,621,623,江西,2017
理科,工学院,能源与动力工程,,,,江西,2017
理科,公共卫生学院（广州）,预防医学,,,,江西,2017
理科,公共卫生学院（深圳）,预防医学,627,620,622,江西,2017
理科,管理学院,工商管理类,,,,江西,2017
理科,管理学院,工商管理,638,636,637,江西,2017
理科,光华口腔医学院,口腔医学（5+3）,644,633,639,江西,2017
理科,国际金融学院,经济学类,,,,江西,2017
理科,国际金融学院,金融学,641,634,638,江西,2017
理科,海洋科学学院,海洋科学,625,620,623,江西,2017
理科,化学学院,化学类,,,,江西,2017
理科,化学工程与技术学院,化学工程与工艺,628,621,625,江西,2017
理科,环境科学与工程学院,环境科学与工程类,626,624,625,江西,2017
理科,岭南学院,经济学类,642,641,642,江西,2017
理科,旅游学院,旅游管理类,623,623,623,江西,2017
理科,生命科学学院,生物科学类,628,620,624,江西,2017
理科,数据科学与计算机学院,计算机类,642,631,636,江西,2017
理科,数据科学与计算机学院（软件学院）,软件工程,630,627,628,江西,2017
理科,数学学院（广州）,数学类,,,,江西,2017
理科,数学学院（珠海）,数学类,646,623,632,江西,2017
理科,物理学院（广州）,光电信息科学与工程,643,622,630,江西,2017
文科,传播与设计学院,新闻传播学类,607,607,607,吉林,2017
文科,法学院,法学,603,601,602,吉林,2017
文科,管理学院,工商管理类,,,,吉林,2017
文科,管理学院,工商管理,616,612,614,吉林,2017
文科,国际翻译学院,外国语言文学类,624,594,606,吉林,2017
文科,岭南学院,经济学类,619,618,619,吉林,2017
文科,社会学与人类学学院,社会学,598,594,596,吉林,2017
文科,外国语学院,日语,604,599,602,吉林,2017
文科,政治与公共事务管理学院,公共管理类,603,601,602,吉林,2017
文科,中国语言文学系（广州）,汉语言文学,,,,吉林,2017
文科,中国语言文学系（珠海）,汉语言文学,612,601,607,吉林,2017
文科,资讯管理学院,图书情报与档案管理类,,,,吉林,2017
理科,材料科学与工程学院,材料类,,,,吉林,2017
理科,材料学院,材料类,637,632,635,吉林,2017
理科,大气科学学院,大气科学类,633,630,632,吉林,2017
理科,地理科学与规划学院,地理科学类,631,629,630,吉林,2017
理科,电子与通信工程学院,电子信息类,655,634,641,吉林,2017
理科,电子与信息工程学院,电子信息类,,,,吉林,2017
理科,电子与信息工程学院,光电信息科学与工程,633,625,628,吉林,2017
理科,工学院,能源与动力工程,,,,吉林,2017
理科,公共卫生学院（广州）,预防医学,631,626,629,吉林,2017
理科,管理学院,工商管理类,,,,吉林,2017
理科,管理学院,工商管理,649,643,646,吉林,2017
理科,光华口腔医学院,口腔医学,,,,吉林,2017
理科,国际翻译学院,外国语言文学类,,,,吉林,2017
理科,国际金融学院,经济学类,,,,吉林,2017
理科,国际金融学院,金融学,645,643,644,吉林,2017
理科,海洋工程与技术学院,海洋科学,633,623,628,吉林,2017
理科,化学学院,化学类,,,,吉林,2017
理科,化学工程与技术学院,化学工程与工艺,629,625,626,吉林,2017
理科,岭南学院,经济学类,661,656,659,吉林,2017
理科,旅游学院,旅游管理类,634,618,627,吉林,2017
理科,生命科学学院,生物科学类,642,634,638,吉林,2017
理科,数据科学与计算机学院,计算机类,637,635,636,吉林,2017
理科,数据科学与计算机学院（软件学院）,软件工程,635,635,635,吉林,2017
理科,数学学院（广州）,数学类,,,,吉林,2017
理科,数学学院（珠海）,数学类,654,650,652,吉林,2017
理科,物理与天文学院,物理学,,,,吉林,2017
理科,物理学院(广州）,物理学,624,624,624,吉林,2017
理科,哲学系(广州）,哲学,628,627,628,吉林,2017
理科,中法核工程与技术学院,核工程类（中法合作办学）（核工程与核技术专业）,627,627,627,吉林,2017
理科,中山医学院,法医学,,,,吉林,2017
理科,中山医学院,临床医学（八年制）,667,660,664,吉林,2017
理科,中山医学院,临床医学,658,628,642,吉林,2017
理科,中山医学院,医学检验技术,,,,吉林,2017
理科,航空航天学院,理论与应用力学,631,624,628,吉林,2017
文科,传播与设计学院,新闻传播学类,643,635,639,湖南,2017
文科,法学院,法学,642,636,639,湖南,2017
文科,管理学院,工商管理类,,,,湖南,2017
文科,管理学院,工商管理,645,643,644,湖南,2017
文科,国际翻译学院,外国语言文学类,637,637,637,湖南,2017
文科,国际关系学院,国际政治,636,635,636,湖南,2017
文科,国际金融学院,工商管理类,646,642,644,湖南,2017
文科,历史学系（珠海）,历史学,,,,湖南,2017
文科,历史学系（广州）,历史学,634,616,625,湖南,2017
文科,岭南学院,经济学类,648,647,648,湖南,2017
文科,旅游学院,旅游管理类,,,,湖南,2017
文科,社会学与人类学学院,人类学,639,634,637,湖南,2017
文科,外国语学院,德语,642,642,642,湖南,2017
文科,外国语学院,法语,639,633,636,湖南,2017
文科,外国语学院,英语,646,641,643,湖南,2017
文科,哲学系（广州）,哲学,633,618,626,湖南,2017
文科,哲学系（珠海）,哲学,639,636,638,湖南,2017
文科,政治与公共事务管理学院,公共管理类,641,640,640,湖南,2017
文科,中国语言文学系（广州）,汉语言文学,,,,湖南,2017
文科,中国语言文学系（珠海）,汉语言文学,644,637,641,湖南,2017
文科,资讯管理学院,图书情报与档案管理类,636,636,636,湖南,2017
理科,材料科学与工程学院,材料类,637,633,635,湖南,2017
理科,传播与设计学院,新闻传播学类,,,,湖南,2017
理科,大气科学学院,大气科学类,630,630,630,湖南,2017
理科,地理科学与规划学院,城乡规划,636,632,634,湖南,2017
理科,地理科学与规划学院,地理科学类,629,629,629,湖南,2017
理科,地理科学与规划学院,水文与水资源工程,,,,湖南,2017
理科,地球科学与工程学院,地质学类,610,610,610,湖南,2017
理科,电子与信息工程学院,电子信息类,,,,湖南,2017
理科,电子与通信工程学院,电子信息类,640,638,639,湖南,2017
理科,法学院,法学,637,636,637,湖南,2017
理科,工学院,交通工程,638,633,635,湖南,2017
理科,工学院,生物医学工程,,,,湖南,2017
理科,生物医学工程学院,生物医学工程,630,629,630,湖南,2017
理科,公共卫生学院（广州）,预防医学,,,,湖南,2017
理科,公共卫生学院(深圳),预防医学,637,629,632,湖南,2017
理科,管理学院,工商管理类,,,,湖南,2017
理科,管理学院,工商管理,647,644,646,湖南,2017
理科,光华口腔医学院,口腔医学（5+3）,645,643,644,湖南,2017
理科,国际翻译学院,外国语言文学类,,,,湖南,2017
理科,国际金融学院,经济学类,,,,湖南,2017
理科,国际金融学院,金融学,646,645,646,湖南,2017
理科,海洋科学学院,海洋科学,630,629,630,湖南,2017
理科,化学学院,化学类,,,,湖南,2017
理科,化学工程与技术学院,化学工程与工艺,635,619,628,湖南,2017
理科,环境科学与工程学院,环境科学与工程类,636,632,635,湖南,2017
理科,岭南学院,经济学类,649,646,648,湖南,2017
理科,旅游学院,旅游管理类,644,631,636,湖南,2017
理科,社会学与人类学学院,人类学,,,,湖南,2017
理科,生命科学学院,生物科学类,646,634,638,湖南,2017
文科,传播与设计学院,新闻传播学类,625,621,623,湖北,2017
文科,法学院,法学,633,614,621,湖北,2017
文科,管理学院,工商管理类,,,,湖北,2017
文科,管理学院,会计学,626,624,625,湖北,2017
文科,国际翻译学院,外国语言文学类,615,615,615,湖北,2017
文科,国际金融学院,工商管理类,626,624,625,湖北,2017
文科,历史学系（广州）,历史学,,,,湖北,2017
文科,历史学系（珠海）,历史学,614,613,614,湖北,2017
文科,岭南学院,经济学类,633,630,632,湖北,2017
文科,旅游学院,旅游管理类,616,616,616,湖北,2017
文科,社会学与人类学学院,人类学,615,615,615,湖北,2017
文科,社会学与人类学学院,社会学,620,617,619,湖北,2017
文科,外国语学院,德语,626,618,622,湖北,2017
文科,哲学系（广州）,哲学,,,,湖北,2017
文科,哲学系（珠海）,哲学,614,614,614,湖北,2017
文科,政治与公共事务管理学院,公共管理类,622,615,618,湖北,2017
文科,中国语言文学系（广州）,汉语言文学,627,614,620,湖北,2017
文科,中国语言文学系（珠海）,汉语言文学,,,,湖北,2017
文科,资讯管理学院,图书情报与档案管理类,616,614,615,湖北,2017
理科,材料科学与工程学院,材料类,,,,湖北,2017
理科,材料学院,材料类,615,612,613,湖北,2017
理科,大气科学学院,大气科学类,643,614,629,湖北,2017
理科,地理科学与规划学院,城乡规划,617,617,617,湖北,2017
理科,地理科学与规划学院,地理科学类,613,611,612,湖北,2017
理科,"地球科学与
工程学院",地质学类,611,611,611,湖北,2017
理科,电子与信息工程学院,电子信息类,628,612,621,湖北,2017
理科,电子与信息工程学院,光电信息科学与工程,616,611,613,湖北,2017
理科,工学院,交通工程,611,611,611,湖北,2017
理科,工学院,理论与应用力学,613,611,612,湖北,2017
理科,公共卫生学院（广州）,预防医学,648,613,624,湖北,2017
理科,管理学院,工商管理类,,,,湖北,2017
理科,管理学院,会计学,639,629,634,湖北,2017
理科,光华口腔医学院,口腔医学,624,621,623,湖北,2017
理科,光华口腔医学院,口腔医学（5+3）,647,628,638,湖北,2017
理科,国际翻译学院,外国语言文学类,,,,湖北,2017
理科,国际金融学院,经济学类,,,,湖北,2017
理科,国际金融学院,金融学,639,633,636,湖北,2017
理科,海洋工程与技术学院,海洋科学,611,601,606,湖北,2017
理科,化学工程与技术学院,化学工程与工艺,,,,湖北,2017
理科,化学学院,化学类,634,611,617,湖北,2017
理科,环境科学与工程学院,环境科学与工程类,611,611,611,湖北,2017
理科,岭南学院,经济学类,645,642,643,湖北,2017
理科,旅游学院,旅游管理类,611,611,611,湖北,2017
理科,生命科学学院,生物科学类,627,611,618,湖北,2017
理科,数据科学与计算机学院,计算机类,628,626,627,湖北,2017
理科,数据科学与计算机学院(软件学院）,软件工程,621,615,617,湖北,2017
理科,数学学院（广州）,数学类,633,618,625,湖北,2017
理科,数学学院（珠海）,数学类,,,,湖北,2017
理科,物理与天文学院,物理学,,,,湖北,2017
理科,物理学院（广州）,物理学,622,616,619,湖北,2017
文科,传播与设计学院,新闻传播学类,638,638,638,云南,2017
文科,法学院,法学,641,640,641,云南,2017
文科,管理学院,工商管理类,,,,云南,2017
文科,管理学院,会计学,650,650,650,云南,2017
文科,国际翻译学院,外国语言文学类,645,645,645,云南,2017
文科,国际金融学院,工商管理类,646,645,646,云南,2017
文科,历史学系（珠海）,历史学,634,634,634,云南,2017
文科,岭南学院,经济学类,647,644,646,云南,2017
文科,社会学与人类学学院,人类学,,,,云南,2017
文科,社会学与人类学学院,社会学,647,635,641,云南,2017
文科,外国语学院,法语,643,641,642,云南,2017
文科,哲学系（广州）,哲学,,,,云南,2017
文科,哲学系（珠海）,哲学,630,630,630,云南,2017
文科,政治与公共事务管理学院,公共管理类,644,640,642,云南,2017
文科,中国语言文学系（珠海）,汉语言文学,,,,云南,2017
文科,中国语言文学系（广州）,汉语言文学,641,641,641,云南,2017
文科,资讯管理学院,图书情报与档案管理类,643,640,642,云南,2017
理科,材料科学与工程学院,材料类,624,606,612,云南,2017
理科,大气科学学院,大气科学类,621,612,617,云南,2017
理科,地理科学与规划学院,城乡规划,623,623,623,云南,2017
理科,地理科学与规划学院,地理科学类,622,621,622,云南,2017
理科,地球科学与工程学院,地质学类,,,,云南,2017
理科,电子与信息工程学院,电子信息类,628,625,627,云南,2017
理科,电子与信息工程学院,光电信息科学与工程,627,621,624,云南,2017
理科,电子与信息工程学院,微电子科学与工程,628,628,628,云南,2017
理科,法学院,法学,,,,云南,2017
理科,工学院,交通工程,630,630,630,云南,2017
理科,工学院,理论与应用力学,620,620,620,云南,2017
理科,公共卫生学院（广州）,预防医学,632,622,628,云南,2017
理科,管理学院,工商管理类,,,,云南,2017
理科,管理学院,会计学,636,629,633,云南,2017
理科,光华口腔医学院,口腔医学（5+3）,639,630,635,云南,2017
理科,国际翻译学院,外国语言文学类,,,,云南,2017
理科,国际金融学院,经济学类,,,,云南,2017
理科,国际金融学院,金融学,654,632,643,云南,2017
理科,海洋科学学院,海洋科学,,,,云南,2017
理科,海洋工程与技术学院,海洋科学,624,624,624,云南,2017
理科,化学工程与技术学院,化学工程与工艺,,,,云南,2017
理科,化学学院,化学类,627,622,625,云南,2017
理科,岭南学院,经济学类,639,635,637,云南,2017
理科,旅游学院,旅游管理类,620,619,620,云南,2017
理科,生命科学学院,生物科学类,634,632,633,云南,2017
理科,数据科学与计算机学院,计算机类,632,631,632,云南,2017
理科,数据科学与计算机学院,信息与计算科学,633,633,633,云南,2017
理科,数据科学与计算机学院（软件学院）,软件工程,636,626,632,云南,2017
理科,数学学院（广州）,数学类,,,,云南,2017
理科,数学学院（珠海）,数学类,635,633,634,云南,2017
理科,物理学院（广州）,物理学,635,635,635,云南,2017
理科,心理学系,心理学,625,625,625,云南,2017
理科,药学院（广州）,药学,,,,云南,2017
文科,传播与设计学院,新闻传播学类,639,639,639,贵州,2017
文科,法学院,法学,654,653,654,贵州,2017
文科,管理学院,工商管理,659,659,659,贵州,2017
文科,国际翻译学院,外国语言文学类,632,632,632,贵州,2017
文科,国际金融学院,工商管理类,659,655,657,贵州,2017
文科,历史学系（珠海）,历史学,634,634,634,贵州,2017
文科,岭南学院,经济学类,663,660,662,贵州,2017
文科,社会学与人类学学院,人类学,636,636,636,贵州,2017
文科,社会学与人类学学院,社会学,656,656,656,贵州,2017
文科,外国语学院,英语,650,650,650,贵州,2017
文科,哲学系（广州）,哲学,644,636,640,贵州,2017
文科,政治与公共事务管理学院,公共管理类,635,635,635,贵州,2017
文科,中国语言文学系（广州）,汉语言文学,,,,贵州,2017
文科,中国语言文学系（珠海）,汉语言文学,631,631,631,贵州,2017
文科,资讯管理学院,图书情报与档案管理类,638,630,634,贵州,2017
理科,材料科学与工程学院,材料类,,,,贵州,2017
理科,材料学院,材料类,609,609,609,贵州,2017
理科,大气科学学院,大气科学类,612,612,612,贵州,2017
理科,地理科学与规划学院,城乡规划,617,617,617,贵州,2017
理科,地理科学与规划学院,地理科学类,605,605,605,贵州,2017
理科,地理科学与规划学院,水文与水资源工程,,,,贵州,2017
理科,地球科学与工程学院,地质学类,604,604,604,贵州,2017
理科,电子与信息工程学院,微电子科学与工程,609,606,608,贵州,2017
理科,电子与信息工程学院,电子信息类,,,,贵州,2017
理科,电子与通信工程学院,电子信息类,621,610,617,贵州,2017
理科,工学院,能源与动力工程,,,,贵州,2017
理科,生物医学工程学院,生物医学工程,585,585,585,贵州,2017
理科,公共卫生学院（广州）,预防医学,,,,贵州,2017
理科,公共卫生学院（深圳）,预防医学,624,624,624,贵州,2017
理科,管理学院,工商管理类,,,,贵州,2017
理科,管理学院,工商管理,627,625,626,贵州,2017
理科,光华口腔医学院,口腔医学,622,622,622,贵州,2017
理科,国际翻译学院,外国语言文学类,,,,贵州,2017
理科,国际金融学院,工商管理类,,,,贵州,2017
理科,国际金融学院,经济学类,,,,贵州,2017
理科,国际金融学院,金融学,631,622,627,贵州,2017
理科,海洋科学学院,海洋科学,616,610,613,贵州,2017
理科,化学学院,化学类,,,,贵州,2017
理科,化学工程与技术学院,化学工程与工艺,606,605,606,贵州,2017
理科,环境科学与工程学院,环境科学与工程类,606,606,606,贵州,2017
理科,岭南学院,经济学类,633,633,633,贵州,2017
理科,旅游学院,旅游管理类,609,587,604,贵州,2017
理科,生命科学学院,生物科学类,623,609,618,贵州,2017
理科,数据科学与计算机学院,计算机类,626,618,622,贵州,2017
理科,数据科学与计算机学院（软件学院）,软件工程,,,,贵州,2017
理科,数学学院（珠海）,数学类,,,,贵州,2017
理科,数学学院（广州）,数学类,620,602,611,贵州,2017
理科,物理学院（广州）,光电信息科学与工程,601,601,601,贵州,2017
理科,物理学院（广州）,物理学,,,,贵州,2017
理科,物理与天文学院,物理学,620,620,620,贵州,2017
文科,法学院,法学,597,597,597,新疆,2017
文科,国际翻译学院,外国语言文学类,601,601,601,新疆,2017
文科,历史学系（珠海）,历史学,585,585,585,新疆,2017
文科,中国语言文学系（珠海）,汉语言文学,,,,新疆,2017
文科,中国语言文学系（广州）,汉语言文学,601,601,601,新疆,2017
理科,材料科学与工程学院,材料类,614,614,614,新疆,2017
理科,地理科学与规划学院,地理科学类,,,,新疆,2017
理科,地球科学与工程学院,地质学类,628,628,628,新疆,2017
理科,电子与通信工程学院,电子信息类,620,620,620,新疆,2017
理科,公共卫生学院（广州）,预防医学,,,,新疆,2017
理科,公共卫生学院（深圳）,预防医学,613,613,613,新疆,2017
理科,管理学院,工商管理类,,,,新疆,2017
理科,管理学院,工商管理,616,616,616,新疆,2017
理科,国际翻译学院,外国语言文学类,,,,新疆,2017
理科,旅游学院,旅游管理类,613,613,613,新疆,2017
理科,生命科学学院,生物科学类,615,615,615,新疆,2017
理科,数据科学与计算机学院（软件学院）,软件工程,,,,新疆,2017
理科,数学学院（广州）,数学类,,,,新疆,2017
理科,数学学院（珠海）,数学类,615,613,614,新疆,2017
理科,心理学系,心理学,613,613,613,新疆,2017
理科,药学院（广州）,药学,618,618,618,新疆,2017
理科,中山医学院,康复治疗学,,,,新疆,2017
理科,中山医学院,临床医学,622,622,622,新疆,2017
文科,法学院,法学,,,,甘肃,2017
文科,历史学系（广州）,历史学,,,,甘肃,2017
文科,历史学系（珠海）,历史学,600,600,600,甘肃,2017
文科,国际金融学院,工商管理类,605,605,605,甘肃,2017
文科,岭南学院,经济学类,607,607,607,甘肃,2017
文科,中国语言文学系（珠海）,汉语言文学,603,603,603,甘肃,2017
理科,材料科学与工程学院,材料类,607,607,607,甘肃,2017
理科,大气科学学院,大气科学类,592,592,592,甘肃,2017
理科,地理科学与规划学院,城乡规划,608,608,608,甘肃,2017
理科,地理科学与规划学院,地理科学类,609,609,609,甘肃,2017
理科,电子与信息工程学院,电子信息类,614,614,614,甘肃,2017
理科,公共卫生学院,预防医学,624,607,616,甘肃,2017
理科,管理学院,会计学,616,616,616,甘肃,2017
理科,光华口腔医学院,口腔医学,628,628,628,甘肃,2017
理科,国际翻译学院,外国语言文学类,,,,甘肃,2017
理科,化学工程与技术学院,化学工程与工艺,,,,甘肃,2017
理科,化学学院,化学类,614,614,614,甘肃,2017
理科,岭南学院,经济学类,626,626,626,甘肃,2017
理科,生命科学学院,生物科学类,619,619,619,甘肃,2017
理科,数据科学与计算机学院,计算机类,620,611,614,甘肃,2017
理科,数据科学与计算机学院,信息与计算科学,610,610,610,甘肃,2017
理科,数据科学与计算机学院（软件学院）,软件工程,612,612,612,甘肃,2017
理科,物理学院（广州）,物理学,,,,甘肃,2017
理科,数学学院（广州）,数学类,617,607,612,甘肃,2017
理科,药学院（广州）,药学,,,,甘肃,2017
理科,药学院（深圳）,药学,614,614,614,甘肃,2017
理科,中法核工程与技术学院,核工程类（中外合作办学）（核工程与核技术专业）,,,,甘肃,2017
理科,中山医学院,康复治疗学,,,,甘肃,2017
理科,中山医学院,临床医学,630,627,629,甘肃,2017
理科,中山医学院,临床医学（八年制）,634,631,633,甘肃,2017
理科,航空航天学院,理论与应用力学,608,608,608,甘肃,2017
理科,智能工程学院,自动化,610,610,610,甘肃,2017
文科,传播与设计学院,新闻传播学类(含藏族）,435,435,435,西藏,2017
文科,国际金融学院,工商管理类,605,605,605,西藏,2017
文科,历史学系（珠海）,历史学（含藏族）,458,458,458,西藏,2017
文科,社会学与人类学学院,人类学（含藏族）,432,432,432,西藏,2017
文科,政治与公共事务管理学院,公共管理类,603,603,603,西藏,2017
文科,中国语言文学系（广州）,汉语言文学(含藏族）,,,,西藏,2017
文科,中国语言文学系（珠海）,汉语言文学(含藏族）,437,437,437,西藏,2017
理科,地理科学与规划学院,地理科学类(含藏族）,339,339,339,西藏,2017
理科,公共卫生学院（广州）,卫生检验与检疫,,,,西藏,2017
理科,公共卫生学院（广州）,预防医学,573,573,573,西藏,2017
理科,国际金融学院,工商管理类,,,,西藏,2017
理科,国际金融学院,经济学类,,,,西藏,2017
理科,旅游学院,旅游管理类(含藏族）,361,361,361,西藏,2017
理科,药学院（深圳）,药学,565,565,565,西藏,2017
文科,传播与设计学院,新闻传播学类,619,618,619,河南,2017
文科,法学院,法学,623,616,619,河南,2017
文科,管理学院,工商管理类,,,,河南,2017
文科,管理学院,工商管理,627,626,627,河南,2017
文科,国际翻译学院,外国语言文学类,620,620,620,河南,2017
文科,国际金融学院,工商管理类,625,624,625,河南,2017
文科,国际金融学院,金融学,624,623,624,河南,2017
文科,历史学系（珠海）,历史学,,,,河南,2017
文科,历史学系（广州）,历史学,616,616,616,河南,2017
文科,岭南学院,经济学类,629,628,629,河南,2017
文科,旅游学院,旅游管理类,624,624,624,河南,2017
文科,社会学与人类学学院,人类学,624,624,624,河南,2017
文科,社会学与人类学学院,社会学,622,622,622,河南,2017
文科,外国语学院,法语,619,619,619,河南,2017
文科,外国语学院,英语,620,619,620,河南,2017
文科,哲学系（广州）,哲学,626,617,622,河南,2017
文科,政治与公共事务管理学院,公共管理类,620,619,620,河南,2017
文科,中国语言文学系（广州）,汉语言文学,,,,河南,2017
文科,中国语言文学系（珠海）,汉语言文学,616,616,616,河南,2017
文科,资讯管理学院,图书情报与档案管理类,616,616,616,河南,2017
理科,材料科学与工程学院,材料类,620,616,618,河南,2017
理科,大气科学学院,大气科学类,616,613,615,河南,2017
理科,地理科学与规划学院,城乡规划,626,626,626,河南,2017
理科,地理科学与规划学院,地理科学类,618,618,618,河南,2017
理科,电子与信息工程学院,电子信息类,,,,河南,2017
理科,电子与通信工程学院,电子信息类,625,619,622,河南,2017
理科,电子与信息工程学院,微电子科学与工程,629,628,629,河南,2017
理科,工学院,理论与应用力学,618,616,617,河南,2017
理科,工学院,能源与动力工程,,,,河南,2017
理科,工学院,生物医学工程,,,,河南,2017
理科,生物医学工程学院,生物医学工程,621,617,619,河南,2017
理科,公共卫生学院（广州）,预防医学,,,,河南,2017
理科,公共卫生学院（深圳）,预防医学,624,618,621,河南,2017
理科,管理学院,工商管理类,,,,河南,2017
理科,管理学院,工商管理,631,619,624,河南,2017
理科,光华口腔医学院,口腔医学（5+3）,634,634,634,河南,2017
理科,国际金融学院,经济学类,,,,河南,2017
理科,国际金融学院,金融学,631,617,624,河南,2017
理科,海洋科学学院,海洋科学,617,617,617,河南,2017
理科,化学学院,化学类,,,,河南,2017
理科,化学工程与技术学院,化学工程与工艺,617,616,617,河南,2017
理科,环境科学与工程学院,环境科学与工程类,617,617,617,河南,2017
理科,岭南学院,经济学类,637,635,636,河南,2017
理科,旅游学院,旅游管理类,619,619,619,河南,2017
理科,生命科学学院,生物科学类,631,617,622,河南,2017
理科,数据科学与计算机学院,保密管理,620,616,618,河南,2017
理科,数据科学与计算机学院,计算机类,635,629,632,河南,2017
理科,数据科学与计算机学院,信息与计算科学,622,621,622,河南,2017
理科,数据科学与计算机学院（软件学院）,软件工程,627,624,625,河南,2017
理科,数学学院（广州）,数学类,,,,河南,2017
文科,传播与设计学院,新闻传播学类,615,614,615,安徽,2017
文科,法学院,法学,620,615,617,安徽,2017
文科,管理学院,工商管理类,,,,安徽,2017
文科,管理学院,工商管理,620,618,619,安徽,2017
文科,国际翻译学院,外国语言文学类,613,613,613,安徽,2017
文科,国际关系学院,国际政治,614,614,614,安徽,2017
文科,国际金融学院,工商管理类,622,615,619,安徽,2017
文科,国际金融学院,金融学,627,627,627,安徽,2017
文科,历史学系（广州）,历史学,614,613,614,安徽,2017
文科,岭南学院,经济学类,620,620,620,安徽,2017
文科,旅游学院,旅游管理类,616,615,616,安徽,2017
文科,社会学与人类学学院,人类学,613,613,613,安徽,2017
文科,社会学与人类学学院,社会学,620,614,617,安徽,2017
文科,外国语学院,德语,619,615,616,安徽,2017
文科,外国语学院,英语,614,614,614,安徽,2017
文科,哲学系（珠海）,哲学,,,,安徽,2017
文科,哲学系（广州）,哲学,616,616,616,安徽,2017
文科,政治与公共事务管理学院,公共管理类,617,613,615,安徽,2017
文科,中国语言文学系（广州）,汉语言文学,,,,安徽,2017
文科,中国语言文学系（珠海）,汉语言文学,617,616,617,安徽,2017
文科,资讯管理学院,图书情报与档案管理类,614,614,614,安徽,2017
理科,材料科学与工程学院,材料类,621,616,619,安徽,2017
理科,大气科学学院,大气科学类,617,616,617,安徽,2017
理科,地理科学与规划学院,城乡规划,617,617,617,安徽,2017
理科,地理科学与规划学院,地理科学类,620,617,619,安徽,2017
理科,地球科学与工程学院,地质学类,616,616,616,安徽,2017
理科,电子与通信工程学院,电子信息类,626,620,624,安徽,2017
理科,电子与信息工程学院,电子信息类,,,,安徽,2017
理科,电子与信息工程学院,微电子科学与工程,630,622,625,安徽,2017
理科,工学院,理论与应用力学,619,617,618,安徽,2017
理科,工学院,能源与动力工程,,,,安徽,2017
理科,工学院,生物医学工程,,,,安徽,2017
理科,生物医学工程学院,生物医学工程,617,617,617,安徽,2017
理科,公共卫生学院（广州）,预防医学,,,,安徽,2017
理科,公共卫生学院（深圳）,预防医学,622,618,620,安徽,2017
理科,管理学院,工商管理类,,,,安徽,2017
理科,管理学院,工商管理,629,628,629,安徽,2017
理科,光华口腔医学院,口腔医学,629,628,629,安徽,2017
理科,光华口腔医学院,口腔医学（5+3）,630,626,628,安徽,2017
理科,国际翻译学院,外国语言文学类,,,,安徽,2017
理科,国际金融学院,经济学类,,,,安徽,2017
理科,国际金融学院,金融学,620,620,620,安徽,2017
理科,海洋科学学院,海洋科学,617,617,617,安徽,2017
理科,化学学院,化学类,,,,安徽,2017
理科,化学工程与技术学院,化学工程与工艺,618,617,618,安徽,2017
理科,环境科学与工程学院,环境科学与工程类,619,617,618,安徽,2017
理科,岭南学院,管理科学与工程类,634,632,633,安徽,2017
理科,岭南学院,经济学类,631,617,624,安徽,2017
理科,旅游学院,旅游管理类,618,618,618,安徽,2017
文科,法学院,法学,597,596,597,黑龙江,2017
文科,管理学院,工商管理类,,,,黑龙江,2017
文科,管理学院,会计学,606,604,605,黑龙江,2017
文科,国际翻译学院,外国语言文学类,598,596,597,黑龙江,2017
文科,岭南学院,经济学类,614,611,613,黑龙江,2017
文科,外国语学院,德语,593,589,591,黑龙江,2017
文科,外国语学院,日语,591,591,591,黑龙江,2017
文科,哲学系（广州）,哲学,,,,黑龙江,2017
文科,哲学系（珠海）,哲学,596,594,595,黑龙江,2017
文科,政治与公共事务管理学院,公共管理类,600,590,595,黑龙江,2017
文科,中国语言文学系（珠海）,汉语言文学,,,,黑龙江,2017
文科,中国语言文学系（广州）,汉语言文学,596,596,596,黑龙江,2017
文科,资讯管理学院,图书情报与档案管理类,593,593,593,黑龙江,2017
理科,材料科学与工程学院,材料类,640,631,633,黑龙江,2017
理科,大气科学学院,大气科学类,630,630,630,黑龙江,2017
理科,地理科学与规划学院,地理科学类,631,630,630,黑龙江,2017
理科,电子与信息工程学院,电子信息类,637,634,636,黑龙江,2017
理科,工学院,理论与应用力学,633,633,633,黑龙江,2017
理科,公共卫生学院（广州）,预防医学,,,,黑龙江,2017
理科,公共卫生学院（深圳）,预防医学,636,633,635,黑龙江,2017
理科,管理学院,工商管理类,,,,黑龙江,2017
理科,管理学院,会计学,651,649,650,黑龙江,2017
理科,光华口腔医学院,口腔医学,646,639,643,黑龙江,2017
理科,国际翻译学院,外国语言文学类,,,,黑龙江,2017
理科,国际金融学院,经济学类,,,,黑龙江,2017
理科,国际金融学院,金融学,647,646,647,黑龙江,2017
理科,海洋科学学院,海洋科学,635,635,635,黑龙江,2017
理科,化学工程与技术学院,化学工程与工艺,,,,黑龙江,2017
理科,化学学院,化学类,637,637,637,黑龙江,2017
理科,环境科学与工程学院,环境科学与工程类（含环境科学、环境工程专业）,630,630,630,黑龙江,2017
理科,岭南学院,经济学类,653,649,651,黑龙江,2017
理科,旅游学院,旅游管理类,638,637,638,黑龙江,2017
理科,生命科学学院,生物科学类,655,641,647,黑龙江,2017
理科,数据科学与计算机学院,计算机类,645,642,644,黑龙江,2017
理科,数据科学与计算机学院,信息与计算科学,643,643,643,黑龙江,2017
理科,数据科学与计算机学院（软件学院）,软件工程,640,635,638,黑龙江,2017
理科,数学学院（广州）,数学类,,,,黑龙江,2017
理科,数学学院（珠海）,数学类,647,645,646,黑龙江,2017
理科,物理学院（广州）,物理学,632,632,632,黑龙江,2017
理科,药学院（广州）,药学,641,633,636,黑龙江,2017
理科,医学院（深圳）,临床医学,650,640,645,黑龙江,2017
理科,中法核工程与技术学院,核工程类（中外合作办学）（核工程与核技术专业）,631,631,631,黑龙江,2017
理科,中山医学院,临床医学（八年制）,654,654,654,黑龙江,2017
理科,中山医学院,医学检验技术,,,,黑龙江,2017
文科,传播与设计学院,新闻传播学类,600,590,595,福建,2017
文科,法学院,法学,590,586,588,福建,2017
文科,管理学院,工商管理类,,,,福建,2017
文科,管理学院,会计学,598,592,596,福建,2017
文科,国际翻译学院,外国语言文学类,587,584,586,福建,2017
文科,国际金融学院,工商管理类,590,590,590,福建,2017
文科,历史学系（广州）,历史学,,,,福建,2017
文科,历史学系（珠海）,历史学,586,581,584,福建,2017
文科,岭南学院,经济学类,601,598,600,福建,2017
文科,旅游学院,旅游管理类,,,,福建,2017
文科,社会学与人类学学院,人类学,585,581,583,福建,2017
文科,外国语学院,德语,586,585,586,福建,2017
文科,哲学系（广州）,哲学,,,,福建,2017
文科,哲学系（珠海）,哲学,582,581,582,福建,2017
文科,中国语言文学系（广州）,汉语言文学,,,,福建,2017
文科,中国语言文学系（珠海）,汉语言文学,589,585,587,福建,2017
文科,资讯管理学院,图书情报与档案管理类,584,584,584,福建,2017
理科,材料科学与工程学院,材料类,,,,福建,2017
理科,材料学院,材料类,593,582,586,福建,2017
理科,大气科学学院,大气科学类,591,581,585,福建,2017
理科,地理科学与规划学院,城乡规划,596,587,591,福建,2017
理科,地理科学与规划学院,地理科学类,586,584,585,福建,2017
理科,地理科学与规划学院,水文与水资源工程,,,,福建,2017
理科,地球科学与工程学院,地质学类,583,583,583,福建,2017
理科,电子与信息工程学院,电子信息类,601,578,590,福建,2017
理科,电子与信息工程学院,光电信息科学与工程,593,582,588,福建,2017
理科,电子与信息工程学院,微电子科学与工程,592,587,589,福建,2017
理科,工学院,交通工程,583,580,582,福建,2017
理科,工学院,生物医学工程,,,,福建,2017
理科,生物医学工程学院,生物医学工程,581,578,579,福建,2017
理科,公共卫生学院（广州）,预防医学,595,579,584,福建,2017
理科,管理学院,工商管理类,,,,福建,2017
理科,管理学院,会计学,601,584,595,福建,2017
理科,光华口腔医学院,口腔医学（5+3）,602,597,600,福建,2017
理科,国际翻译学院,外国语言文学类,,,,福建,2017
理科,国际金融学院,经济学类,,,,福建,2017
理科,国际金融学院,金融学,615,581,598,福建,2017
理科,海洋科学学院,海洋科学,,,,福建,2017
理科,海洋工程与技术学院,海洋科学,599,579,584,福建,2017
理科,化学工程与技术学院,化学工程与工艺,,,,福建,2017
理科,化学学院,化学类,592,578,585,福建,2017
理科,环境科学与工程学院,环境科学与工程类,595,587,590,福建,2017
理科,岭南学院,经济学类,619,618,619,福建,2017
理科,旅游学院,旅游管理类,593,582,586,福建,2017
理科,生命科学学院,生物科学类,600,587,592,福建,2017
理科,数据科学与计算机学院,计算机类,611,605,608,福建,2017
理科,数据科学与计算机学院,信息与计算科学,597,592,595,福建,2017
理科,数据科学与计算机学院（软件学院）,软件工程,,,,福建,2017
理科,数学学院（珠海）,数学类,,,,福建,2017
理科,数学学院（广州）,数学类,600,597,599,福建,2017
文科,传播与设计学院,新闻传播学类,631,631,631,广西,2017
文科,法学院,法学,628,623,626,广西,2017
文科,管理学院,工商管理类,,,,广西,2017
文科,管理学院,工商管理,637,635,636,广西,2017
文科,国际翻译学院,外国语言文学类,626,606,616,广西,2017
文科,国际金融学院,工商管理类,635,635,635,广西,2017
文科,历史学系（珠海）,历史学,,,,广西,2017
文科,历史学系（广州）,历史学,624,604,614,广西,2017
文科,岭南学院,经济学类,640,638,639,广西,2017
文科,旅游学院,旅游管理类,,,,广西,2017
文科,社会学与人类学学院,人类学,624,615,620,广西,2017
文科,社会学与人类学学院,社会学,623,613,618,广西,2017
文科,外国语学院,法语,627,624,626,广西,2017
文科,外国语学院,英语,636,628,632,广西,2017
文科,哲学系（珠海）,哲学,,,,广西,2017
文科,哲学系（广州）,哲学,623,604,615,广西,2017
文科,政治与公共事务管理学院,公共管理类,631,627,629,广西,2017
文科,中国语言文学系（广州）,汉语言文学,,,,广西,2017
文科,中国语言文学系（珠海）,汉语言文学,627,624,625,广西,2017
文科,资讯管理学院,图书情报与档案管理类,624,619,622,广西,2017
理科,材料科学与工程学院,材料类,,,,广西,2017
理科,材料学院,材料类,615,583,598,广西,2017
理科,大气科学学院,大气科学类,610,595,602,广西,2017
理科,地理科学与规划学院,城乡规划,611,605,607,广西,2017
理科,地理科学与规划学院,地理科学类,612,602,607,广西,2017
理科,地理科学与规划学院,水文与水资源工程,,,,广西,2017
理科,地球科学与工程学院,地质学类,581,581,581,广西,2017
理科,电子与信息工程学院,电子信息类,617,609,613,广西,2017
理科,电子与信息工程学院,光电信息科学与工程,611,605,609,广西,2017
理科,法学院,法学,,,,广西,2017
理科,工学院,交通工程,597,594,596,广西,2017
理科,工学院,理论与应用力学,,,,广西,2017
理科,工学院,能源与动力工程,,,,广西,2017
理科,工学院,生物医学工程,,,,广西,2017
理科,生物医学工程学院,生物医学工程,611,595,601,广西,2017
理科,公共卫生学院（广州）,预防医学,,,,广西,2017
理科,公共卫生学院（深圳）,预防医学,598,588,594,广西,2017
理科,管理学院,工商管理类,,,,广西,2017
理科,管理学院,工商管理,629,609,618,广西,2017
理科,光华口腔医学院,口腔医学（5+3）,625,618,622,广西,2017
理科,国际翻译学院,外国语言文学类,,,,广西,2017
理科,国际金融学院,经济学类,,,,广西,2017
理科,国际金融学院,金融学,627,616,623,广西,2017
理科,海洋科学学院,海洋科学,596,581,589,广西,2017
理科,化学工程与技术学院,化学工程与工艺,,,,广西,2017
理科,化学学院,化学类,612,602,607,广西,2017
理科,环境科学与工程学院,环境科学与工程类,609,598,602,广西,2017
理科,岭南学院,管理科学与工程类,630,628,629,广西,2017
理科,岭南学院,经济学类,631,630,631,广西,2017
理科,旅游学院,旅游管理类,605,601,603,广西,2017
文科,传播与设计学院,新闻传播学类,831,831,831,海南,2017
文科,法学院,法学,766,765,766,海南,2017
文科,管理学院,工商管理类,,,,海南,2017
文科,管理学院,会计学,834,834,834,海南,2017
文科,国际翻译学院,外国语言文学类,787,702,745,海南,2017
文科,岭南学院,经济学类,832,832,832,海南,2017
文科,哲学系（广州）,哲学,,,,海南,2017
文科,哲学系（珠海）,哲学,746,746,746,海南,2017
文科,中国语言文学系（珠海）,汉语言文学,,,,海南,2017
文科,中国语言文学系（广州）,汉语言文学,819,799,809,海南,2017
理科,材料科学与工程学院,材料类,796,789,793,海南,2017
理科,地理科学与规划学院,地理科学类,786,754,776,海南,2017
理科,地理科学与规划学院,水文与水资源工程,,,,海南,2017
理科,工学院,理论与应用力学,783,782,783,海南,2017
理科,公共卫生学院（广州）,预防医学,782,771,777,海南,2017
理科,管理学院,工商管理类,,,,海南,2017
理科,管理学院,会计学,822,822,822,海南,2017
理科,海洋科学学院,海洋科学,,,,海南,2017
理科,海洋工程与技术学院,海洋科学,774,755,765,海南,2017
理科,环境科学与工程学院,环境科学与工程类,793,793,793,海南,2017
理科,岭南学院,经济学类,825,825,825,海南,2017
理科,旅游学院,旅游管理类,773,773,773,海南,2017
理科,生命科学学院,生物科学类,810,803,807,海南,2017
理科,数据科学与计算机学院,计算机类,,,,海南,2017
理科,数据科学与计算机学院（软件学院）,软件工程,793,789,791,海南,2017
理科,数学学院（广州）,数学类,,,,海南,2017
理科,数学学院（珠海）,数学类,806,799,802,海南,2017
理科,药学院（广州）,药学,,,,海南,2017
理科,药学院（深圳）,药学,785,785,785,海南,2017
理科,中山医学院,临床医学,798,797,798,海南,2017
